dataset,analysis,shifts,timely_observed,timely_surrogate_mean,timely_p,detection_observed,detection_surrogate_mean,detection_p
defog,"Transfer, LSTM",2000,17.7057,19.7771,0.8791,78.56,77.871,0.2934
defog,"Transfer, RF",2000,13.217,11.0335,0.087,70.88,68.7311,0.0285
defog,P1 within-dataset LSTM,2000,18.4539,17.2444,0.2764,65.92,64.1714,0.0845
defog,P3 recalibrated LSTM,2000,8.4788,10.2737,0.9165,57.76,56.0866,0.092
FoG-STAR,"Transfer, LSTM",2000,20.7792,19.1701,0.3953,65.0602,64.6295,0.5252
FoG-STAR,"Transfer, RF",2000,2.5974,8.9273,0.9935,36.1446,38.3994,0.7976
FoG-STAR,P1 within-dataset LSTM,2000,9.0909,13.5221,0.911,77.1084,60.944,0.0005
FoG-STAR,P3 recalibrated LSTM,2000,6.4935,7.6545,0.7341,49.3976,41.7476,0.006
DAPHNET,"Transfer, LSTM",2000,34.8958,13.2615,0.0005,92.7928,53.4892,0.0005
DAPHNET,"Transfer, RF",2000,8.3333,11.8404,0.9565,40.5405,54.3412,1.0
DAPHNET,P1 within-dataset LSTM,2000,29.1667,11.8302,0.0005,90.0901,53.2484,0.0005
DAPHNET,P3 recalibrated LSTM,2000,29.1667,10.1831,0.0005,86.036,49.7293,0.0005
FoG-STAR,P5 axis-aligned LSTM,2000,12.987,15.0844,0.7711,63.8554,52.4807,0.001
