dataset,controller,subject,episodes,eligible,timely_obs,timely_null,coverage_obs,coverage_null
defog,LSTM,2,2,2,0.0,33.5,50.0,62.7
defog,LSTM,3,23,14,42.857142857142854,19.41428571428571,100.0,81.7304347826087
defog,LSTM,4,2,0,,,0.0,9.6
defog,LSTM,6,7,7,0.0,26.228571428571424,42.857142857142854,47.8
defog,LSTM,7,26,12,0.0,20.75,84.61538461538461,84.36923076923075
defog,LSTM,8,28,15,13.333333333333334,19.373333333333335,82.75862068965517,82.77241379310345
defog,LSTM,9,3,1,0.0,0.0,0.0,0.0
defog,LSTM,10,4,4,0.0,6.7,0.0,10.4
defog,LSTM,11,10,6,33.33333333333333,34.4,80.0,90.18
defog,LSTM,12,22,16,6.25,21.0125,60.86956521739131,66.49565217391306
defog,LSTM,13,3,0,,,0.0,0.0
defog,LSTM,14,3,1,0.0,0.0,0.0,0.0
defog,LSTM,15,3,2,0.0,18.4,100.0,100.0
defog,LSTM,16,8,7,28.57142857142857,30.599999999999994,87.5,78.4
defog,LSTM,17,12,8,12.5,24.075,58.333333333333336,65.2
defog,LSTM,18,23,16,25.0,29.5,82.6086956521739,85.75652173913043
defog,LSTM,19,2,0,,,50.0,50.0
defog,LSTM,20,21,13,15.384615384615385,15.738461538461536,90.47619047619048,89.6
defog,LSTM,21,30,17,0.0,15.56470588235294,81.25,73.70625
defog,LSTM,22,8,4,0.0,16.0,87.5,91.95
defog,LSTM,23,5,3,0.0,0.0,0.0,0.0
defog,LSTM,24,50,34,11.76470588235294,11.405882352941177,92.45283018867924,94.44528301886794
defog,LSTM,25,10,7,28.57142857142857,26.685714285714283,60.0,59.48
defog,LSTM,26,26,19,21.052631578947366,20.136842105263153,80.76923076923077,77.83076923076922
defog,LSTM,27,18,13,0.0,13.307692307692307,94.73684210526315,98.85263157894735
defog,LSTM,29,9,7,28.57142857142857,10.971428571428568,100.0,86.91111111111113
defog,LSTM,30,1,1,0.0,26.2,0.0,38.6
defog,LSTM,31,29,18,33.33333333333333,19.52222222222222,89.65517241379311,83.15172413793103
defog,LSTM,32,4,4,0.0,16.95,50.0,27.5
defog,LSTM,33,3,1,0.0,18.0,100.0,86.46666666666665
defog,LSTM,34,43,19,21.052631578947366,17.72631578947368,68.18181818181817,67.9
defog,LSTM,35,9,6,50.0,33.166666666666664,77.77777777777779,84.73333333333335
defog,LSTM,36,60,40,30.0,23.53,85.24590163934425,84.70163934426229
defog,LSTM,37,22,20,35.0,27.6,86.36363636363636,81.39090909090909
defog,LSTM,38,12,9,0.0,10.755555555555555,100.0,97.76666666666665
defog,LSTM,39,11,10,30.0,24.48,72.72727272727273,78.01818181818183
defog,LSTM,40,17,8,25.0,31.775,95.23809523809523,90.0190476190476
defog,LSTM,41,7,7,0.0,16.771428571428565,28.57142857142857,53.171428571428564
defog,LSTM,42,3,3,0.0,0.7333333333333333,0.0,2.3999999999999995
defog,LSTM,43,2,2,0.0,11.8,0.0,18.4
defog,LSTM,44,16,16,12.5,21.05,87.5,80.9625
defog,LSTM,45,14,9,0.0,13.844444444444445,64.28571428571429,76.44285714285715
