dataset,merge_gap_s,episodes,eligible,false_alarms_per_hour,timely_observed,timely_surrogate_mean,timely_p,detection_observed,detection_surrogate_mean,detection_p
defog,1.0,771,407,150.6539,17.9361,19.8326,0.8576,76.7834,75.5922,0.1404
defog,2.0,625,401,150.6539,17.7057,19.7771,0.8791,78.56,77.871,0.2934
defog,3.0,527,398,150.6056,18.0905,19.9018,0.8501,77.6091,77.625,0.5357
FoG-STAR,1.0,84,77,103.664,20.7792,19.1701,0.3953,65.4762,65.0375,0.5252
FoG-STAR,2.0,83,77,103.664,20.7792,19.1701,0.3953,65.0602,64.6295,0.5252
FoG-STAR,3.0,82,77,103.664,20.7792,19.1701,0.3953,64.6341,64.6976,0.5757
DAPHNET,1.0,235,192,79.7756,34.8958,13.2615,0.0005,91.0638,53.0719,0.0005
DAPHNET,2.0,222,192,79.7756,34.8958,13.2615,0.0005,92.7928,53.4892,0.0005
DAPHNET,3.0,206,192,79.7756,34.375,13.2625,0.0005,95.1456,54.4121,0.0005
