task,hours,cue_needed_%,episodes,detected_%,false_alarms_per_hour,cue_on_%
Turning-DT,2.641,32.704,198,91.414,128.375,71.651
Rest1,2.225,3.289,28,0.0,3.595,0.343
Turning-ST,2.116,31.631,164,93.293,108.676,76.401
Hotspot2,2.059,11.617,81,70.37,175.349,35.614
TUG-DT,1.622,10.488,52,67.308,165.822,33.767
TUG-ST,1.209,4.274,23,56.522,186.143,23.291
Hotspot2-C,0.932,5.915,18,66.667,138.379,34.356
Turning-C,0.881,0.126,1,100.0,171.348,69.677
Rest2,0.736,0.0,0,0.0,48.943,8.894
Hotspot1,0.7,9.026,21,80.952,227.098,42.214
4MW,0.625,7.665,20,40.0,175.961,20.707
TUG-C,0.613,3.241,7,71.429,184.406,27.765
MB7,0.554,0.0,0,0.0,63.205,11.262
MB9,0.545,0.0,0,0.0,102.726,13.86
MB3-L,0.432,0.0,0,0.0,310.125,49.791
MB3-R,0.41,0.0,0,0.0,304.672,43.466
MB8,0.382,0.0,0,0.0,193.886,29.658
4MW-C,0.327,1.784,2,50.0,189.635,25.616
Hotspot1-C,0.316,9.267,8,87.5,246.64,42.688
MB10,0.215,0.0,0,0.0,227.466,17.215
MB11,0.197,0.0,0,0.0,228.008,15.271
MB13,0.159,0.0,0,0.0,201.751,17.601
MB12,0.134,1.558,1,100.0,231.776,24.091
MB2b,0.117,0.0,0,0.0,377.143,43.095
MB1,0.09,0.0,0,0.0,55.385,2.923
(no task),0.086,1.618,2,0.0,163.107,2.265
MB5,0.077,0.0,0,0.0,739.459,51.712
MB2a,0.076,0.0,0,0.0,369.231,37.912
MB4,0.067,0.0,0,0.0,611.18,43.271
MB6-L,0.065,0.0,0,0.0,664.378,61.159
MB6-R,0.062,0.0,0,0.0,657.461,61.47
MB6,0.006,0.0,0,0.0,800.0,77.778
