dataset,method,subject,cue_sensitivity,cue_specificity,cue_precision,cue_f1,balanced_acc,episodes,predicted_before_onset_%,detected_%,median_lead_time_s,false_alarms_per_hour,median_cue_off_delay_s,timely_pre_onset_%
defog,LSTM,1,0.0,0.6755,0.0,0.0,0.3378,0,0.0,0.0,0.0,177.1626,0.0,
defog,LSTM,2,0.3529,0.7467,0.019,0.0361,0.5498,2,50.0,50.0,8.5,241.1622,0.5,0.0
defog,LSTM,3,0.5805,0.6047,0.5794,0.58,0.5926,23,82.6087,100.0,4.0,100.8219,2.0,42.8571
defog,LSTM,4,0.0513,0.7035,0.0031,0.0058,0.3774,2,0.0,0.0,0.0,196.8624,0.0,
defog,LSTM,5,0.0,0.8394,0.0,0.0,0.4197,0,0.0,0.0,0.0,116.5344,0.0,
defog,LSTM,6,0.486,0.7256,0.1585,0.2391,0.6058,7,28.5714,42.8571,5.5,181.1321,9.0,0.0
defog,LSTM,7,0.7493,0.4221,0.086,0.1543,0.5857,26,61.5385,84.6154,11.75,149.6282,2.5,0.0
defog,LSTM,8,0.8463,0.7488,0.5338,0.6546,0.7976,29,75.8621,82.7586,21.25,154.5335,11.0,13.3333
defog,LSTM,9,0.0,0.7392,0.0,0.0,0.3696,3,0.0,0.0,0.0,131.956,0.0,0.0
defog,LSTM,10,0.0,0.8287,0.0,0.0,0.4144,4,0.0,0.0,0.0,179.2159,0.0,0.0
defog,LSTM,11,0.7333,0.651,0.275,0.4,0.6921,10,70.0,80.0,3.0,244.6899,5.25,33.3333
defog,LSTM,12,0.7281,0.8006,0.7816,0.7539,0.7644,23,34.7826,60.8696,15.0,118.9614,3.5,6.25
defog,LSTM,13,0.0,0.8094,0.0,0.0,0.4047,3,0.0,0.0,0.0,111.8447,0.0,
defog,LSTM,14,0.0,0.7472,0.0,0.0,0.3736,3,0.0,0.0,0.0,174.9588,0.0,0.0
defog,LSTM,15,0.7285,0.5831,0.2273,0.3465,0.6558,3,66.6667,100.0,20.75,192.3664,0.5,0.0
defog,LSTM,16,0.669,0.8114,0.098,0.1709,0.7402,8,75.0,87.5,9.5,94.4262,2.75,28.5714
defog,LSTM,17,0.5769,0.2877,0.0426,0.0793,0.4323,12,50.0,58.3333,5.75,172.9537,2.0,12.5
defog,LSTM,18,0.6212,0.6398,0.5759,0.5977,0.6305,23,47.8261,82.6087,5.0,162.5551,3.25,25.0
defog,LSTM,19,0.2778,0.862,0.0178,0.0334,0.5699,2,50.0,50.0,1.5,101.6848,0.0,
defog,LSTM,20,0.9161,0.5515,0.4552,0.6082,0.7338,21,80.9524,90.4762,23.5,193.6047,12.5,15.3846
defog,LSTM,21,0.5645,0.7942,0.2407,0.3375,0.6793,32,56.25,81.25,11.75,103.677,6.5,0.0
defog,LSTM,22,0.8673,0.6624,0.2611,0.4014,0.7649,8,75.0,87.5,12.25,188.2353,5.0,0.0
defog,LSTM,23,0.0,0.6044,0.0,0.0,0.3022,5,0.0,0.0,0.0,168.8276,0.0,0.0
defog,LSTM,24,0.8927,0.2474,0.3366,0.4889,0.5701,53,77.3585,92.4528,15.5,101.3506,14.5,11.7647
defog,LSTM,25,0.5322,0.7596,0.0722,0.1272,0.6459,10,40.0,60.0,5.5,164.4815,1.5,28.5714
defog,LSTM,26,0.7175,0.6745,0.3518,0.4721,0.696,26,57.6923,80.7692,6.0,131.25,2.5,21.0526
defog,LSTM,27,0.9627,0.752,0.4484,0.6119,0.8573,19,84.2105,94.7368,23.5,93.0157,7.25,0.0
defog,LSTM,28,0.0,0.8644,0.0,0.0,0.4322,0,0.0,0.0,0.0,149.481,0.0,
defog,LSTM,29,0.9943,0.7188,0.3573,0.5257,0.8565,9,100.0,100.0,10.5,117.3913,2.0,28.5714
defog,LSTM,30,0.2667,0.8606,0.0062,0.0122,0.5636,1,0.0,0.0,0.0,125.4629,0.0,0.0
defog,LSTM,31,0.7303,0.6197,0.4879,0.585,0.675,29,68.9655,89.6552,8.25,183.2727,7.25,33.3333
defog,LSTM,32,0.3492,0.7193,0.0731,0.1209,0.5343,4,0.0,50.0,0.0,170.2933,2.75,0.0
defog,LSTM,33,0.7778,0.1666,0.0129,0.0254,0.4722,3,33.3333,100.0,15.5,140.7733,15.5,0.0
defog,LSTM,34,0.5436,0.6581,0.1545,0.2406,0.6009,44,50.0,68.1818,4.5,170.7927,4.0,21.0526
defog,LSTM,35,0.6957,0.6091,0.3733,0.4859,0.6524,9,66.6667,77.7778,2.75,224.2991,2.5,50.0
defog,LSTM,36,0.6504,0.6819,0.4904,0.5591,0.6661,61,70.4918,85.2459,5.5,128.6672,6.0,30.0
defog,LSTM,37,0.8649,0.5128,0.1825,0.3014,0.6889,22,86.3636,86.3636,8.5,185.9779,3.75,35.0
defog,LSTM,38,0.9895,0.4537,0.3369,0.5027,0.7216,12,100.0,100.0,37.0,221.3682,21.0,0.0
defog,LSTM,39,0.8069,0.4904,0.2257,0.3527,0.6487,11,63.6364,72.7273,8.0,237.6951,6.5,30.0
defog,LSTM,40,0.8106,0.6019,0.1815,0.2966,0.7063,21,52.381,95.2381,5.5,151.6826,1.0,25.0
defog,LSTM,41,0.4615,0.6217,0.0597,0.1058,0.5416,7,42.8571,28.5714,13.5,228.4264,11.5,0.0
defog,LSTM,42,0.0469,0.8187,0.0047,0.0085,0.4328,3,0.0,0.0,0.0,130.4348,0.0,0.0
defog,LSTM,43,0.0588,0.6954,0.0019,0.0038,0.3771,2,0.0,0.0,0.0,198.5333,0.0,0.0
defog,LSTM,44,0.7843,0.4665,0.4015,0.5311,0.6254,16,75.0,87.5,10.5,136.9369,1.0,12.5
defog,LSTM,45,0.691,0.6079,0.1566,0.2554,0.6494,14,50.0,64.2857,36.0,182.6514,16.0,0.0
defog,RF,1,0.0,0.7243,0.0,0.0,0.3622,0,0.0,0.0,0.0,78.8927,0.0,
defog,RF,2,0.0588,0.84,0.0051,0.0094,0.4494,2,0.0,0.0,0.0,75.5448,0.0,0.0
defog,RF,3,0.8799,0.5044,0.6248,0.7307,0.6921,23,65.2174,86.9565,20.0,59.1781,23.5,7.1429
defog,RF,4,0.0513,0.6291,0.0025,0.0047,0.3402,2,0.0,0.0,0.0,132.3173,0.0,
defog,RF,5,0.0,0.8875,0.0,0.0,0.4437,0,0.0,0.0,0.0,59.4097,0.0,
defog,RF,6,0.4673,0.7286,0.1548,0.2326,0.598,7,28.5714,28.5714,4.0,161.7251,8.75,14.2857
defog,RF,7,0.5831,0.5045,0.0787,0.1387,0.5438,26,50.0,61.5385,16.5,111.1916,5.25,16.6667
defog,RF,8,0.791,0.7242,0.4935,0.6078,0.7576,29,68.9655,72.4138,15.25,88.3049,4.5,6.6667
defog,RF,9,0.0,0.8139,0.0,0.0,0.4069,3,0.0,0.0,0.0,98.3672,0.0,0.0
defog,RF,10,0.0,0.8804,0.0,0.0,0.4402,4,0.0,0.0,0.0,94.0884,0.0,0.0
defog,RF,11,0.6889,0.7272,0.3131,0.4306,0.708,10,60.0,80.0,8.25,91.7587,5.0,16.6667
defog,RF,12,0.5707,0.8629,0.8031,0.6673,0.7168,23,26.087,60.8696,10.5,56.6483,1.0,6.25
defog,RF,13,0.0,0.7565,0.0,0.0,0.3782,3,0.0,0.0,0.0,85.4369,0.0,
defog,RF,14,0.0,0.7371,0.0,0.0,0.3686,3,0.0,0.0,0.0,103.7891,0.0,0.0
defog,RF,15,0.7616,0.476,0.1966,0.3125,0.6188,3,66.6667,100.0,10.25,151.145,0.5,50.0
defog,RF,16,0.6,0.8623,0.1177,0.1968,0.7312,8,75.0,75.0,15.75,57.541,9.0,28.5714
defog,RF,17,0.3846,0.4786,0.0389,0.0707,0.4316,12,33.3333,33.3333,19.75,91.2811,9.0,12.5
defog,RF,18,0.8225,0.7717,0.7393,0.7787,0.7971,23,60.8696,82.6087,15.5,71.3656,10.0,18.75
defog,RF,19,0.0,0.8405,0.0,0.0,0.4202,2,0.0,0.0,0.0,57.0862,0.0,
defog,RF,20,0.8986,0.6554,0.5162,0.6557,0.777,21,76.1905,85.7143,30.5,125.5814,15.5,23.0769
defog,RF,21,0.8114,0.6363,0.205,0.3273,0.7238,32,68.75,81.25,21.5,59.244,9.0,5.8824
defog,RF,22,0.7715,0.6421,0.2287,0.3528,0.7068,8,62.5,62.5,16.5,98.3957,5.25,0.0
defog,RF,23,0.0,0.6693,0.0,0.0,0.3347,5,0.0,0.0,0.0,81.1034,0.0,0.0
defog,RF,24,0.8146,0.2499,0.3172,0.4566,0.5322,53,66.0377,83.0189,23.0,69.8497,8.0,17.6471
defog,RF,25,0.3918,0.8851,0.107,0.1681,0.6384,10,30.0,50.0,5.0,100.1192,1.75,14.2857
defog,RF,26,0.661,0.6138,0.2965,0.4093,0.6374,26,57.6923,69.2308,26.5,88.3929,9.5,10.5263
defog,RF,27,0.951,0.729,0.4237,0.5862,0.84,19,94.7368,100.0,18.5,98.8292,7.0,23.0769
defog,RF,28,0.0,0.8346,0.0,0.0,0.4173,0,0.0,0.0,0.0,49.827,0.0,
defog,RF,29,0.9371,0.6577,0.3009,0.4556,0.7974,9,77.7778,77.7778,24.5,136.9565,1.0,0.0
defog,RF,30,0.0,0.8807,0.0,0.0,0.4403,1,0.0,0.0,0.0,54.89,0.0,0.0
defog,RF,31,0.4616,0.7296,0.4586,0.4601,0.5956,29,44.8276,72.4138,6.0,83.7818,2.5,16.6667
defog,RF,32,0.381,0.7435,0.086,0.1404,0.5622,4,50.0,50.0,3.75,149.8581,2.0,25.0
defog,RF,33,0.8095,0.2312,0.0146,0.0286,0.5204,3,66.6667,100.0,8.25,123.3743,15.5,0.0
defog,RF,34,0.5,0.7231,0.1719,0.2558,0.6116,44,54.5455,63.6364,5.75,104.0219,4.0,26.3158
defog,RF,35,0.6398,0.7027,0.4187,0.5061,0.6712,9,44.4444,77.7778,2.75,145.7944,2.5,16.6667
defog,RF,36,0.872,0.6406,0.5331,0.6617,0.7563,61,80.3279,90.1639,14.5,85.7781,18.75,15.0
defog,RF,37,0.5856,0.6001,0.1555,0.2457,0.5928,22,63.6364,54.5455,9.25,125.5954,10.0,15.0
defog,RF,38,0.9509,0.4646,0.3325,0.4927,0.7077,12,91.6667,91.6667,51.0,177.0945,41.0,11.1111
defog,RF,39,0.8301,0.5906,0.2718,0.4095,0.7104,11,72.7273,81.8182,14.75,116.6867,4.0,10.0
defog,RF,40,0.6574,0.6101,0.1552,0.2511,0.6338,21,38.0952,80.9524,6.25,130.0137,0.5,12.5
defog,RF,41,0.4444,0.8037,0.1055,0.1705,0.6241,7,42.8571,42.8571,13.0,70.0508,5.75,0.0
defog,RF,42,0.0,0.8984,0.0,0.0,0.4492,3,0.0,0.0,0.0,78.2609,0.0,0.0
defog,RF,43,0.1471,0.7982,0.0073,0.0139,0.4726,2,0.0,0.0,0.0,78.1461,0.0,0.0
defog,RF,44,0.8019,0.4993,0.4222,0.5532,0.6506,16,75.0,81.25,23.0,54.0541,0.5,6.25
defog,RF,45,0.4936,0.5807,0.1104,0.1804,0.5371,14,35.7143,50.0,13.5,129.6236,22.5,0.0
FoG-STAR,LSTM,1,0.4794,0.6933,0.6828,0.5633,0.5864,5,40.0,100.0,9.75,70.6872,1.0,0.0
FoG-STAR,LSTM,2,0.0863,0.9492,0.7765,0.1553,0.5177,13,23.0769,46.1538,3.0,12.6427,0.5,16.6667
FoG-STAR,LSTM,3,0.3713,0.6377,0.4089,0.3892,0.5045,7,71.4286,100.0,2.0,42.6667,1.5,42.8571
FoG-STAR,LSTM,4,0.6087,0.5575,0.0581,0.1061,0.5831,1,100.0,100.0,10.5,134.3284,0.0,0.0
FoG-STAR,LSTM,5,0.8095,0.9038,0.3778,0.5152,0.8567,1,0.0,100.0,0.0,46.1538,12.5,
FoG-STAR,LSTM,6,0.0,0.75,0.0,0.0,0.375,0,0.0,0.0,0.0,100.0,0.0,
FoG-STAR,LSTM,7,0.0,0.7042,0.0,0.0,0.3521,0,0.0,0.0,0.0,208.3601,0.0,
FoG-STAR,LSTM,8,0.0,0.4461,0.0,0.0,0.223,0,0.0,0.0,0.0,211.7647,0.0,
FoG-STAR,LSTM,9,0.5311,0.3365,0.3082,0.39,0.4338,10,70.0,70.0,10.5,58.1818,0.0,10.0
FoG-STAR,LSTM,10,0.0,0.5687,0.0,0.0,0.2844,0,0.0,0.0,0.0,257.6271,0.0,
FoG-STAR,LSTM,11,0.1398,0.6518,0.2973,0.1902,0.3958,9,22.2222,11.1111,4.5,62.6087,0.0,12.5
FoG-STAR,LSTM,12,0.9167,0.1627,0.2901,0.4407,0.5397,4,100.0,100.0,13.25,50.1742,0.5,0.0
FoG-STAR,LSTM,13,0.1176,0.7475,0.0964,0.106,0.4326,3,0.0,0.0,0.0,138.0822,0.0,0.0
FoG-STAR,LSTM,14,0.0,0.8272,0.0,0.0,0.4136,0,0.0,0.0,0.0,183.5694,0.0,
FoG-STAR,LSTM,15,0.6795,0.5698,0.5889,0.631,0.6246,9,44.4444,88.8889,3.25,117.0732,3.0,33.3333
FoG-STAR,LSTM,16,0.0,0.6596,0.0,0.0,0.3298,1,0.0,0.0,0.0,228.0543,0.0,0.0
FoG-STAR,LSTM,17,0.1333,0.8333,0.4,0.2,0.4833,1,0.0,0.0,0.0,218.1818,0.0,0.0
FoG-STAR,LSTM,18,0.0,0.6779,0.0,0.0,0.339,0,0.0,0.0,0.0,161.7978,0.0,
FoG-STAR,LSTM,19,0.4444,0.8215,0.7837,0.5672,0.633,9,55.5556,88.8889,6.5,19.7531,0.0,25.0
FoG-STAR,LSTM,20,0.2308,0.8558,0.3478,0.2775,0.5433,6,33.3333,33.3333,2.25,138.4615,0.0,33.3333
FoG-STAR,LSTM,21,0.5,0.96,0.9524,0.6557,0.73,2,100.0,100.0,2.25,0.0,0.0,100.0
FoG-STAR,LSTM,22,1.0,0.2453,0.5,0.6667,0.6226,2,100.0,100.0,25.75,0.0,9.75,0.0
FoG-STAR,RF,1,0.6804,0.6867,0.7493,0.7132,0.6835,5,20.0,100.0,100.5,50.4909,2.5,0.0
FoG-STAR,RF,2,0.1908,0.762,0.6213,0.292,0.4764,13,7.6923,46.1538,3.5,31.6067,0.0,8.3333
FoG-STAR,RF,3,0.2868,0.7792,0.4671,0.3554,0.533,7,14.2857,71.4286,2.0,42.6667,4.0,14.2857
FoG-STAR,RF,4,0.0,0.8324,0.0,0.0,0.4162,1,0.0,0.0,0.0,67.1642,0.0,0.0
FoG-STAR,RF,5,0.0,0.6976,0.0,0.0,0.3488,1,0.0,0.0,0.0,69.2308,0.0,
FoG-STAR,RF,6,0.0,0.7812,0.0,0.0,0.3906,0,0.0,0.0,0.0,100.0,0.0,
FoG-STAR,RF,7,0.0,0.9775,0.0,0.0,0.4887,0,0.0,0.0,0.0,34.7267,0.0,
FoG-STAR,RF,8,0.0,0.8186,0.0,0.0,0.4093,0,0.0,0.0,0.0,141.1765,0.0,
FoG-STAR,RF,9,0.0621,0.8396,0.1774,0.0921,0.4509,10,0.0,10.0,0.0,43.6364,0.5,0.0
FoG-STAR,RF,10,0.0,1.0,0.0,0.0,0.5,0,0.0,0.0,0.0,0.0,0.0,
FoG-STAR,RF,11,0.0763,0.9375,0.5625,0.1343,0.5069,9,0.0,22.2222,0.0,31.3043,1.5,0.0
FoG-STAR,RF,12,0.5897,0.3493,0.2527,0.3538,0.4695,4,50.0,50.0,30.75,37.6307,17.5,0.0
FoG-STAR,RF,13,0.0735,0.9798,0.4545,0.1266,0.5267,3,33.3333,33.3333,2.0,19.726,0.0,0.0
FoG-STAR,RF,14,0.0,0.4759,0.0,0.0,0.238,0,0.0,0.0,0.0,183.5694,0.0,
FoG-STAR,RF,15,0.2137,0.7016,0.3937,0.277,0.4576,9,11.1111,33.3333,12.5,102.439,2.5,0.0
FoG-STAR,RF,16,0.0,0.6761,0.0,0.0,0.338,1,0.0,0.0,0.0,97.7376,0.0,0.0
FoG-STAR,RF,17,0.0,1.0,0.0,0.0,0.5,1,0.0,0.0,0.0,0.0,0.0,0.0
FoG-STAR,RF,18,0.0,0.7584,0.0,0.0,0.3792,0,0.0,0.0,0.0,94.382,0.0,
FoG-STAR,RF,19,0.3773,0.3434,0.4553,0.4127,0.3604,9,22.2222,55.5556,12.25,19.7531,3.5,0.0
FoG-STAR,RF,20,0.0,0.8622,0.0,0.0,0.4311,6,0.0,0.0,0.0,34.6154,0.0,0.0
FoG-STAR,RF,21,0.0,0.24,0.0,0.0,0.12,2,0.0,0.0,0.0,110.7692,0.0,0.0
FoG-STAR,RF,22,0.0,0.7925,0.0,0.0,0.3962,2,0.0,0.0,0.0,77.4194,0.0,0.0
DAPHNET,LSTM,1,0.8472,0.4691,0.1961,0.3185,0.6581,23,82.6087,95.6522,5.0,149.6842,8.5,38.0952
DAPHNET,LSTM,2,0.6842,0.6995,0.3932,0.4994,0.6919,22,54.5455,95.4545,3.25,94.1343,3.0,33.3333
DAPHNET,LSTM,3,0.6322,0.8745,0.642,0.6371,0.7534,42,52.381,85.7143,6.75,51.9403,5.25,25.0
DAPHNET,LSTM,4,0.0,0.8488,0.0,0.0,0.4244,0,0.0,0.0,0.0,116.5217,0.0,
DAPHNET,LSTM,5,0.8346,0.7388,0.6773,0.7478,0.7867,60,81.6667,96.6667,8.0,46.5072,4.5,34.6939
DAPHNET,LSTM,6,0.6183,0.9281,0.485,0.5436,0.7732,10,50.0,90.0,4.0,50.6533,3.0,33.3333
DAPHNET,LSTM,7,0.573,0.9274,0.5717,0.5723,0.7502,24,62.5,87.5,1.5,33.5404,2.5,50.0
DAPHNET,LSTM,8,0.8246,0.3178,0.4308,0.566,0.5712,14,100.0,100.0,21.25,56.1039,12.0,21.4286
DAPHNET,LSTM,9,0.6809,0.8964,0.7001,0.6904,0.7887,27,51.8519,92.5926,3.0,53.7931,3.5,40.7407
DAPHNET,LSTM,10,0.0,0.7022,0.0,0.0,0.3511,0,0.0,0.0,0.0,121.0762,0.0,
DAPHNET,RF,1,0.2599,0.487,0.0719,0.1126,0.3734,23,21.7391,47.8261,4.0,121.2632,1.0,14.2857
DAPHNET,RF,2,0.0654,0.7009,0.0586,0.0618,0.3831,22,0.0,22.7273,0.0,83.9576,0.0,0.0
DAPHNET,RF,3,0.1801,0.5626,0.1278,0.1495,0.3713,42,19.0476,35.7143,2.0,116.4179,7.75,15.625
DAPHNET,RF,4,0.0,0.7085,0.0,0.0,0.3542,0,0.0,0.0,0.0,146.087,0.0,
DAPHNET,RF,5,0.2637,0.4998,0.2572,0.2604,0.3818,60,20.0,48.3333,6.5,72.3445,2.5,8.1633
DAPHNET,RF,6,0.2545,0.6287,0.0698,0.1096,0.4416,10,10.0,50.0,0.5,90.4523,3.5,11.1111
DAPHNET,RF,7,0.0494,0.8457,0.0513,0.0503,0.4475,24,4.1667,8.3333,1.5,73.7888,2.0,4.5455
DAPHNET,RF,8,0.9022,0.2978,0.4458,0.5968,0.6,14,85.7143,100.0,13.75,42.0779,14.0,7.1429
DAPHNET,RF,9,0.2686,0.4731,0.1533,0.1952,0.3709,27,7.4074,33.3333,6.5,80.6897,6.5,3.7037
DAPHNET,RF,10,0.0,0.615,0.0,0.0,0.3075,0,0.0,0.0,0.0,95.2466,0.0,
